<?xml version="1.0" encoding="UTF-8"?>
<jcr:root xmlns:sling="http://sling.apache.org/jcr/sling/1.0" xmlns:cq="http://www.day.com/jcr/cq/1.0" xmlns:jcr="http://www.jcp.org/jcr/1.0" xmlns:nt="http://www.jcp.org/jcr/nt/1.0"
    jcr:primaryType="nt:unstructured"
    jcr:title="Image"
    sling:resourceType="cq/gui/components/authoring/dialog"
    helpPath="https://www.adobe.com/go/aem6_3_docs_component_en#Image">
    <content
        jcr:primaryType="nt:unstructured"
        sling:resourceType="granite/ui/components/foundation/container">
        <layout
            jcr:primaryType="nt:unstructured"
            sling:resourceType="granite/ui/components/foundation/layouts/fixedcolumns"
            margin="{Boolean}false"/>
        <items jcr:primaryType="nt:unstructured">
            <column
                jcr:primaryType="nt:unstructured"
                sling:resourceType="granite/ui/components/foundation/container">
                <items jcr:primaryType="nt:unstructured">
                    <file
                        jcr:primaryType="nt:unstructured"
                        sling:resourceType="cq/gui/components/authoring/dialog/fileupload"
                        autoStart="{Boolean}false"
                        class="cq-droptarget"
                        fieldLabel="Image asset"
                        fileNameParameter="./fileName"
                        fileReferenceParameter="./fileReference"
                        mimeTypes="[image]"
                        multiple="{Boolean}false"
                        name="./file"
                        title="Upload Image Asset"
                        uploadUrl="${suffix.path}"
                        useHTML5="{Boolean}true"/>
                    <multifield
                        jcr:primaryType="nt:unstructured"
                        sling:resourceType="granite/ui/components/coral/foundation/form/multifield"
                        composite="{Boolean}true">
                        <field
                            jcr:primaryType="nt:unstructured"
                            sling:resourceType="granite/ui/components/coral/foundation/container"
                            name="./multifield">
                            <items jcr:primaryType="nt:unstructured">
                                <title
                                    jcr:primaryType="nt:unstructured"
                                    sling:resourceType="granite/ui/components/coral/foundation/form/textfield"
                                    fieldLabel="for sir task"
                                    name="./linktitle"/>
                                <linkURL
                                    jcr:primaryType="nt:unstructured"
                                    sling:resourceType="granite/ui/components/coral/foundation/form/pathbrowser"
                                    fieldLabel="Link to"
                                    name="./linkURL"
                                    rootPath="/content"/>
                            </items>
                        </field>
                    </multifield>
                </items>
            </column>
        </items>
    </content>
</jcr:root>
